"timestamp","account","activity_type","page_name","page_url","post_url","comment_text","comment_url"
"2026-04-20T19:10:51.338213","dominic_ocratic","comment","Home Feed Post","https://www.facebook.com/","https://www.facebook.com/bristol.live/posts/pfbid0C532MGydSQ24eoA56YrZfXdv87RVvsTzaXgw2cTdWXDmPRpVPx5DwwrosMqCo1Usl","This is exactly the kind of local issue your councillors deal with. Local elections are on May 7th - your vote decides who handles things like this in your community. whocanivotefor.co.uk",""
"2026-04-20T19:37:18.158767+00:00","dominic_ocratic","comment","Leicestershire Live","https://www.facebook.com/","https://www.facebook.com/livecoventry/posts/pfbid02JQ6BvTP66dkgfuebMhPrh2qV4dnW2wn4AtxAYMXyTbBBesLPYYZakxmh6us3JniDl?comment_id=2121191678446959&__cft__[0]=AZYWaI9GWrdOWIJnF9SPms5nzLPFG8pX6NBt9NmMYgj3Xwg4S6y0fFdwkyUsBOzF54YjyMKrWWCIuQCAMabyI-NQ7gPNZiiLNY5sRhcjPe3Om7A1w4zuS454NPMPKhEUVIk8TVdPSBL2DTSSjbrkUo16ZwbEcLVdtVF0fvTCD0jgPWFkZlcyppY1Me96_cL4a4kDa4jEi725lxaJgzRqiP2F&__tn__=R]-R","This is the kind of thing your local councillors are responsible for. Local council elections are coming up on May 7th — worth checking who's standing in your area at whocanivotefor.co.uk",""
"2026-04-20T19:38:21.626398+00:00","dominic_ocratic","comment","WalesOnline","https://www.facebook.com/","https://www.facebook.com/WalesOnline/posts/pfbid0212Bz22w4BDHCBe4A8nN9x9BdTuAkQRs4p6RxZHjWZjAtCof8xcinrEvYkSedR7aYl?comment_id=1455436306044484&__cft__[0]=AZZncjqNVCIpkrf2ogGQFXH2tl3FQzWrR_HrtY45FkZP5Q50g0n7dw_YGhE8-ztHbC2KMNr8VX7QYd7B-pLGwlLmWcaoBMPUOII_hjV8HBmLR-icbqr64zZbZmwT47xNJtbIW3lbyfRkH_9RnGePtlhcJWxY1i4FoX78-FZkoXyf1sW9D3S7O6jt5C57-cFJzeMDREDtE3kz6_i0xwGWIXJX&__tn__=R]-R","Housing is one of the biggest issues local councils deal with. The senedd election are on May 7th — your vote shapes how this is handled. whocanivotefor.co.uk",""
"2026-04-20T19:39:03.556938+00:00","dominic_ocratic","comment","Falkirk Herald","https://www.facebook.com/","https://www.facebook.com/falkirkherald/posts/pfbid0x6FzNgZjdX1AkonToVbGVxfe7F4pMfcLEKyPZiCkfprmGR4avf17r5ydjByGQF3fl?comment_id=1525053719185477&__cft__[0]=AZYgzQmWhEqsluZzyFIlLrXUi1uiO054NE8-2CHRMl-8vs7GdzFGHbd3KCpeQX_-PLfKIx42Av9EUgx5q_P7fkjUAEEmnAxrL6VcBmL0ZcdfusE3Rsu3z4BtcF7J8Vvbxf_tCB4q5v3jP92p6690V-WJMgCcoari2RSMlgZGVGmqq4W18vyGP6JUY5WHdvK-edEN6YVMQ-qDHEtCQkHbRkEU&__tn__=R]-R","Roads and transport are decided by your local council. The scottish parliament election are on May 7th — if this matters to you, that's your chance to have a say. whocanivotefor.co.uk",""
"2026-04-20T19:40:22.082812+00:00","dominic_ocratic","comment","WalesOnline","https://www.facebook.com/","https://www.facebook.com/reel/26837409599186394/","Transport issues like this are exactly what gets decided at the local level. With the Senedd election on May 7th, you get to choose who sorts this out. whocanivotefor.co.uk",""
"2026-04-21T08:32:55.514509+00:00","dominic_ocratic","comment","Bristol.Live","https://www.facebook.com/","https://www.facebook.com/bristol.live/posts/pfbid0MK9bQeFUVDMkzVGqapbya7b66LhMqB2mgze4D4jVQ5yLbMtXKoiSV5tmXYtL895ml?comment_id=972166852133791&__cft__[0]=AZZmyFG32y0VSvkpJL8rFwTMUoJEI9Av5wp8JiZJ5mYPoHKRlWr9p1oCFdJnaBFVOt_PiqJHhVuDft7siPf2lFjP8-faJVMXtYkHpcyxOytOslZ8I0kZGFo50TWflzHxGNSWWH1EaRCIS9AhKc3HC2LNdDg163lLDfhbuxB2ffURXjWZnzeAcYvAwx3Pu3tH3WlxK8KXlL65vxnpF4YuHeTW&__tn__=R]-R","Nobody should have to put up with this. If you want things to change, local council elections on May 7th is a real opportunity to pick people who'll prioritise safety. whocanivotefor.co.uk",""
"2026-04-21T08:33:27.402468+00:00","dominic_ocratic","comment","Derbyshire Times","https://www.facebook.com/","https://www.facebook.com/derbyshiretimes/posts/pfbid0fGo3ATGmSBQT8WJw4dKWLfvkxEnbgUBdbcoHyhTGchcU9evcm1zHwZpGWektavT4l?comment_id=964390812616047&__cft__[0]=AZaJBC8T3fi4wP5P5IClYZywxxfTEIzRyRANmZUTgADV6Bp95qT_3ckuLNzRK4WTpTgv9bZz2RjM51rbWGSK-knyoICFhE3jlsVJ_xST2d-KCGulKm-TlEyNW0Fb4ydvUm9F3SdXi3pj_2hZSAF5rcfz-OFkJhh0qXYT5BHrfpspbFmsZVdYyi9NRxug9hHZl6kcPmEM6_ts2Dj3DXpDbp-b&__tn__=R]-R","Nobody should have to put up with this. If you want things to change, local council elections on May 7th is a real opportunity to pick people who'll prioritise safety. whocanivotefor.co.uk",""
"2026-04-21T08:34:46.855811+00:00","dominic_ocratic","comment","Stoke-on-Trent Live","https://www.facebook.com/","https://www.facebook.com/bristol.live/posts/pfbid02vt9QaamN2Q7ZPF8tVr4qsqXMr71i7GtnHQMGSVeqtPCaAqxwECwMBUBriSgfRn6zl?comment_id=2768920920142057&__cft__[0]=AZZvq7GYsr01OfgMou8pi1_7iTYsehBr22CKrdnIOJ1nP4KB4jA30OImZ54ANMX8sIxzOw0n-pKcZBjb5OBf-ntjjCGJIkdxsIZ7zcUYLK0MNZ0cTcgofjRk3i6rwcD8Xhr22LxjPigBBNEBthw2xKjX5-L-XVfF14yLMEGXicgnsaDoxk9IMuTwK8P5LxsOlN5IJutynuzpJVU-LZzLv2ng&__tn__=R]-R","Housing is such a massive issue right now and a lot of the decisions happen at the local level. local council elections are on May 7th — worth seeing what candidates in your area are saying about it: whocanivotefor.co.uk",""
"2026-04-21T11:41:50.641849+00:00","dominic_ocratic","comment","WalesOnline","https://www.facebook.com/","https://www.facebook.com/WalesOnline/posts/pfbid0BTymuTM5GkG9KCmvALhsJvriqHS1AXRDo8mnRZRkZWTktxSLhMNkAdPdkJt1jgi5l?comment_id=1484986796434147&__cft__[0]=AZYgcmWgyFpx0sZI7nWFxeoOdHdyyupxQJNiAnAfWoc8X1c8ZdiH2uee6UlxP-YsrGIVZUjhW1-bmbebUvSexW-dneZcPc1O7wvOsAtJZSaUNAbPlitC8JMKllmClzC05udNfXihooBi9GITVAdQQyg7NMtatAu4s88tLao9PQjCiWd-6MQVsn6KhHBMDmBJrfWJ6S8_TESGWVlVr371UDYg&__tn__=R]-R","Stuff like this is exactly why the Senedd election matter. May 7th — have a look who's on your ballot: whocanivotefor.co.uk",""
"2026-04-21T18:38:34.944711+00:00","dominic_ocratic","comment","WalesOnline","https://www.facebook.com/","https://www.facebook.com/WalesOnline/posts/pfbid02FhbKoGV9aq5E13M9YxEhKzFJGpTWieDubWeSGSTJqScQnbq4GB5FEMPPTnFCnne1l","Fly-tipping like this is infuriating — someone always ends up paying to clean it up, usually the council. The Senedd election is on May 7th and waste management is one of the things your vote directly affects. Worth checking who’s standing in your area: whocanivotefor.co.uk",""
"2026-04-22T09:02:55.822827+00:00","dominic_ocratic","comment","Stoke-on-Trent Live","https://www.facebook.com/","https://www.facebook.com/stokeontrentlive/posts/pfbid02mxP2hjZrdFKgmSFkvFy4P3krS2VA1UEQiNURsMmM4wt93R5yckJiYJZsisApA5rvl?comment_id=1213485784006285","Neighbourhood boards are a great way to give residents more of a say in how their area is run. If you want to know who's representing you on the council and who's standing in May 7th's local elections, have a look at whocanivotefor.co.uk — really easy way to see your candidates",""
"2026-04-22T09:03:03.444830+00:00","dominic_ocratic","comment","Bristol.Live","https://www.facebook.com/","https://www.facebook.com/bristol.live/posts/pfbid07xXDB7v3ZQaboQ2KyXWZXPtRHMpVQES2FgfcmVQLcf9ZLT71WVrFxhobub7RFtPRl?comment_id=974289205059545","This is a huge decision for the people living in those flats. Whether to refurbish or redevelop council housing is exactly the kind of call your local councillors make — and it affects real lives. Local council elections are on May 7th, so if housing matters to you, check who's standing in your area: whocanivotefor.co.uk",""
"2026-04-22T09:08:52.242577+00:00","dominic_ocratic","comment","WalesOnline","https://www.facebook.com/","https://www.facebook.com/WalesOnline/posts/pfbid0G7BZxGQdYTgxDTgGLuUeWwZ8dXN2sT7gdSZqCsWTrZ94qvQKHrLjTfscPWCE3Nntl?comment_id=1469801844604548","Oversubscribed schools are so stressful for parents — nobody should have to worry about whether their child gets a place nearby. School provision is something the Senedd has real power over, and with the Senedd election on May 7th it's worth seeing where your candidates stand. You can look up who's standing in your area at whocanivotefor.co.uk",""
"2026-04-22T09:09:58.699625+00:00","dominic_ocratic","comment","Derbyshire Times","https://www.facebook.com/","https://www.facebook.com/derbyshiretimes/posts/pfbid067PQ5YAEfgwiGB3bTPSsxTZyKwNDpPFS6qRE8ekRWjtNS44MVBAQoDR1bhPoEooYl?comment_id=826562803839185","Dangerous parking outside schools is a nightmare — it puts kids at risk every single day. Councils can do a lot here with enforcement, bollards, and school streets schemes. With local elections on May 7th, it's a good time to ask candidates what they'd do about road safety near schools. Check who's standing in your area at whocanivotefor.co.uk",""
"2026-04-22T09:11:13.576038+00:00","dominic_ocratic","comment","Leicestershire Live","https://www.facebook.com/","https://www.facebook.com/leicestershirelive/posts/pfbid0HAn5HoicyyxrquwQYd6juKB55Fpq9NjUZ1ZWgVWyMGFpmhdmWj2X8uBaJepLXNahl?comment_id=1237497211517134","Bin collections are one of those things you only notice when they go wrong! Your local council runs waste services, so who you vote for genuinely affects how this works. Local elections are on May 7th — if you want to see who's standing in your area and what they're about, have a look at whocanivotefor.co.uk",""
"2026-04-22T09:13:05.002157+00:00","dominic_ocratic","comment","Bristol.Live","https://www.facebook.com/","https://www.facebook.com/nottinghamshirelive/posts/pfbid02SG3SZq3Ft2JTW5uF8BdEGfhPRNQUKSeiAuQ7QtGDuQxC4mWCwbVuPExP9nXbdM8Ul?comment_id=1489196992828860","So sad to see Bristol Blue Glass going — it's a proper piece of the city's identity. Losing local businesses like this really changes what our high streets feel like. Councils have a role in supporting independent businesses and heritage, and with local elections on May 7th it's worth asking candidates what they'd do. See who's standing at whocanivotefor.co.uk",""
"2026-04-22T09:13:23.315952+00:00","dominic_ocratic","comment","Derbyshire Times","https://www.facebook.com/","https://www.facebook.com/derbyshiretimes/posts/pfbid0LikKpoWU3rcs6H12tBuw1f191EpGbfytN2AX8EfpYddc4ZoDhrMEDcBAMVMK2tF5l?comment_id=1495174879056466","Great news for Creswell Crags — places like this are such an important part of the local community. Funding decisions like this are shaped by the people you vote for. Local council elections are on May 7th, so if protecting local heritage matters to you, check who's standing: whocanivotefor.co.uk",""
"2026-04-22T09:14:26.076500+00:00","dominic_ocratic","comment","WalesOnline","https://www.facebook.com/","https://www.facebook.com/WalesOnline/posts/pfbid02fRK6RWXE6QcXS9nkTLrjGertyoxh6Dw46koT2yxLHsEpV9UW9LRZ3eULTwmx6Q5Fl?comment_id=2716957015356987","Really interesting to see how different the polls look — goes to show every vote matters. The Senedd election is on May 7th and it's easy to check who's standing in your constituency: whocanivotefor.co.uk",""
"2026-04-22T11:13:36.492606+00:00","dominic_ocratic","comment","Derbyshire Times","https://www.facebook.com/","https://www.facebook.com/derbyshiretimes/posts/pfbid02MmgjxfkYebCmNuPLFJ3vXXXJVT23T6NWQ658XwdcKnFnY5b4sVwbMeR33mcoNXvBl?comment_id=3824323524543280&__cft__[0]=AZYwlJ6ixg5zpxkK5krw5RkT-wZWox9YB1lrq0xLAT7mwV3JXDoJM8YqoSPxTtIhK_uw9dPEKtpIAD2CaV01LKRjBjHFVSfMd2mBI92q0n3zVXPG8zswcmj_t6q0DGaWLjaJGAT6cepXCZg65pmMbHxWwWD7jxjNwUkiFLWNIxXCX0poA0xOyT-HqU7XduVIWN7Y1vpJ8OD3oGL4z_EV-dl7&__tn__=R]-R","Rough roads and dodgy paving on a new estate shouldn't be something residents have to fight for — good to see councillors pushing on this. If you care about how these things get handled in your area, local council elections are on May 7th. See who's standing: whocanivotefor.co.uk",""
"2026-04-22T11:20:02.958467+00:00","dominic_ocratic","comment","WalesOnline","https://www.facebook.com/","https://www.facebook.com/WalesOnline/posts/pfbid02fRK6RWXE6QcXS9nkTLrjGertyoxh6Dw46koT2yxLHsEpV9UW9LRZ3eULTwmx6Q5Fl?comment_id=2716957015356987&__cft__[0]=AZaEifRmZjKLNl2PLzfp6AVUm6ZpODTFXMZr3QpwPcMSso2beLS4N4yZ-SU5lsNcd6jawZUuWqePFZtbCXL8NnGfws5YCcdjtDwTAaoyD90RgUrN5CeD7vGmNg5T-fXH8no3KIQt5uMBIL82KRNOC_oqctvxxBjFNsuSJ6ewgv3jmA6n1-oNaFkXliawzFt2OvwifG0I1ys625jORNPRGP7j&__tn__=R]-R","Polls shifting this much shows how unpredictable this election is — every vote really could make a difference. The Senedd election is May 7th. If you want to know who's standing in your area, it takes two minutes: whocanivotefor.co.uk",""
"2026-04-22T11:41:12.563897+00:00","dominic_ocratic","comment","Coventry Live","https://www.facebook.com/","home_feed","Losing a car park like this really does affect people's ability to get into town — it puts more pressure on street parking and could hurt local businesses too. Parking and town centre access are exactly the kind of issues your local councillors can push on. With local council elections on May 7th, it's worth checking who's standing and what they'd do about it at whocanivotefor.co.uk 🗳️",""
"2026-04-27T10:04:13.113751+00:00","polly_ticks","comment","Stoke-on-Trent Live","https://www.facebook.com/stokeontrentlive","https://www.facebook.com/photo?fbid=1378838817608696&set=a.612972007528718","Fly-tipping is such a persistent problem — it costs councils (and taxpayers) a fortune to clear up, and proper enforcement makes a real difference. Local elections are on May 7th, so if this kind of thing matters to you, it's worth checking who's standing in your area: whocanivotefor.co.uk 🗳️",""
"2026-04-27T12:22:46.274804+00:00","polly_ticks","comment","Bristol.Live","https://www.facebook.com/bristol.live","https://www.facebook.com/photo/?fbid=1403415015160189&set=a.616548920513473","Decisions like this — what happens to community spaces like Whitchurch Sport Centre — are exactly what local councils are responsible for. Bristol City Council elections are on May 7th, so if you want a say in how these kinds of decisions get made in your area, it's worth checking who's standing: whocanivotefor.co.uk 🗳️",""
"2026-04-28T09:31:54.200516+00:00","polly_ticks","comment","Leicestershire Live","https://www.facebook.com/leicestershirelive","https://www.facebook.com/photo/?fbid=1395081839323455&set=a.599329505565363","City centre parking has a massive knock-on effect for local businesses and residents — good to see some spaces reopening, though the uncertainty around the other sites is frustrating. These are exactly the kinds of decisions that come down to who's running the council. Leicester local elections are on May 7th — worth checking who's standing in your area: whocanivotefor.co.uk 🗳️",""
"2026-04-29T09:17:24.871876+00:00","polly_ticks","comment","KentLive","https://www.facebook.com/kentlivenews","https://www.facebook.com/photo/?fbid=1437876541707033&set=a.608005101360852","Planning decisions about where homes get built — and who they're actually for — are exactly what local councils decide. With local elections on May 7th, it's worth asking candidates in your area what their priorities are on housing. See who's standing: whocanivotefor.co.uk 🗳️",""
"2026-04-29T09:17:24.877620+00:00","polly_ticks","comment","KentLive","https://www.facebook.com/kentlivenews","https://www.facebook.com/photo/?fbid=1437876081707079&set=a.608005101360852","Converting student accommodation to an HMO is the kind of planning decision that affects a whole neighbourhood — parking, noise, the character of the area. These calls are made at the local level. Kent local elections are on May 7th, so if housing and planning matter to you, it's worth checking who's standing: whocanivotefor.co.uk 🗳️",""
"2026-04-29T09:21:45.946929+00:00","polly_ticks","comment","North Wales Live","https://www.facebook.com/northwaleslive","https://www.facebook.com/photo/?fbid=1401058445398349&set=pb.100064826197264.-2207520000","New road surface developing holes within 24 hours is exactly the kind of thing that shouldn't happen — and holding contractors to account is a council responsibility. The Senedd election is on May 7th and roads are very much a devolved issue in Wales. Worth checking who's standing in your area: whocanivotefor.co.uk 🗳️",""
"2026-04-29T09:21:45.946988+00:00","polly_ticks","comment","North Wales Live","https://www.facebook.com/northwaleslive","https://www.facebook.com/photo/?fbid=1401019532068907&set=pb.100064826197264.-2207520000","Great to see the community stepping up when the council moves on — tourist information is so important for local economies and town centres. These kinds of decisions about what services get funded and where are made by your council. Senedd election is May 7th, so it's worth seeing who's standing in your area: whocanivotefor.co.uk 🗳️",""
"2026-04-29T11:30:20.640868+00:00","polly_ticks","comment","Derbyshire Times","https://www.facebook.com/derbyshiretimes","https://www.facebook.com/photo/?fbid=1608894260961846&set=pb.100055238631101.-2207520000","It's fascinating seeing how old community spaces get repurposed — converting a social club into flats could add much-needed homes, though it's always a balance with what the community loses. Planning decisions like this are made by local councils. Elections on May 7th — worth checking who's standing in your area: whocanivotefor.co.uk 🗳️",""
"2026-04-30T09:06:53.430935+00:00","polly_ticks","comment","Stoke-on-Trent Live","https://www.facebook.com/stokeontrentlive","https://www.facebook.com/photo/?fbid=1381373560688555&set=pb.100064477732944.-2207520000","Great to see the council backing a business that's been part of Stoke for 143 years — decisions like this, approving expansions and protecting local jobs, are exactly what local councils are responsible for. Local elections on May 7th, worth checking who's standing in your area: whocanivotefor.co.uk 🗳️",""
"2026-04-30T09:06:53.432694+00:00","polly_ticks","comment","Leicestershire Live","https://www.facebook.com/leicestershirelive","https://www.facebook.com/photo/?fbid=1396892572475715&set=pb.100064649563400.-2207520000","Really looking forward to lido season! Community leisure facilities like this are so important — and it's councils and local investment that keep them open and running. Local elections are on May 7th, worth seeing who's standing in your area and what they'd prioritise: whocanivotefor.co.uk 🗳️",""
"2026-04-30T09:06:53.432698+00:00","polly_ticks","comment","Falkirk Herald","https://www.facebook.com/falkirkherald","https://www.facebook.com/photo/?fbid=1010752437035643&set=a.1010752403702313","Road safety decisions like speed limits near villages are exactly what local and national government are responsible for — and in Scotland, many of these transport powers sit with the Scottish Parliament. The Scottish Parliament election is on May 7th, so if road safety near your community matters, worth checking who's standing: whocanivotefor.co.uk 🗳️",""
"2026-04-30T09:23:52.270136+00:00","polly_ticks","comment","Berkshire Live","https://www.facebook.com/berkshirelive","https://www.facebook.com/photo/?fbid=1398455522325960&set=pb.100064845756393.-2207520000","Good to see the scrutiny commission doing its job — councils being held accountable on policies like this is exactly what oversight bodies are for. Local elections in Bracknell Forest are on May 7th, so it's worth checking who's standing and whether they'd prioritise this kind of scrutiny: whocanivotefor.co.uk 🗳️",""
"2026-04-30T09:23:52.270202+00:00","polly_ticks","comment","Berkshire Live","https://www.facebook.com/berkshirelive","https://www.facebook.com/photo/?fbid=1398422608995918&set=pb.100064845756393.-2207520000","Love seeing a council-owned space being used this well — community venues like this are such an asset, and it's great when they actually generate income for the town. Decisions about keeping and investing in spaces like this come down to your local council. Elections on May 7th — see who's standing: whocanivotefor.co.uk 🗳️",""
"2026-04-30T09:23:52.270206+00:00","polly_ticks","comment","Berkshire Live","https://www.facebook.com/berkshirelive","https://www.facebook.com/photo/?fbid=1398405432330969&set=pb.100064845756393.-2207520000","Every child deserves a school place — a 5-year-old left without schooling is a failure of the system, and local councils have a statutory duty to provide education for all children. SEND and school placements are a huge issue. Local elections on May 7th, worth asking candidates how they'd tackle it: whocanivotefor.co.uk 🗳️",""
"2026-04-30T14:02:45.806781+00:00","polly_ticks","comment","Derbyshire Times","https://www.facebook.com/derbyshiretimes","https://www.facebook.com/derbyshiretimes/posts/pfbid0vgFLYY5JLfgdhp4eWfE2jtJj2srJArVLnL5GnY7q1x5ZDL7","A £20m regeneration project is a huge investment in a community — decisions about what gets funded, demolished and rebuilt are made by local councils and planning authorities. Local elections on May 7th shape who makes those calls: whocanivotefor.co.uk 🗳️",""
"2026-04-30T14:02:45.807344+00:00","polly_ticks","comment","Derbyshire Times","https://www.facebook.com/derbyshiretimes","https://www.facebook.com/derbyshiretimes/posts/pfbid0HkJvANpSPUxo8rQ8G9eHDbSvYg75atNsjhSwZBSH3ZXH79EccBEvd2ZvRjgw4Becl","Residents calling this out before someone is killed — councils absolutely need to act on these requests. Speed limit decisions and road safety schemes are within local authority powers, so elections genuinely matter here. Local elections in Chesterfield on May 7th — check who's standing: whocanivotefor.co.uk 🗳️",""
"2026-05-01T09:57:11.523782+00:00","polly_ticks","comment","Berkshire Live","https://www.facebook.com/berkshirelive","https://www.facebook.com/BerkshireLive/posts/pfbid09shi6FupiRrK88SBt6YV5WAbed5w1","Libraries are such a vital community resource — moving or closing them is always a big deal for local residents who rely on them. These decisions come down to your local council. Local elections in Reading are on May 7th — worth checking who's standing: whocanivotefor.co.uk 🗳️",""
"2026-05-01T09:57:11.525589+00:00","polly_ticks","comment","Berkshire Live","https://www.facebook.com/berkshirelive","https://www.facebook.com/BerkshireLive/posts/pfbid02mn7wNjwMGkQA6jBxsEDsAzyo1Hjj","Naming a road after a local benefactor is a lovely way to recognise community contribution — and it's the kind of decision that sits with local councils. Local elections in Reading are on May 7th — check who's standing: whocanivotefor.co.uk 🗳️",""
"2026-05-01T09:57:11.525593+00:00","polly_ticks","comment","KentLive","https://www.facebook.com/kentlivenews","https://www.facebook.com/kentlivenews/posts/pfbid04Xsd5HjCvqAE1TxQmM788Y7iryhxVV","A new free monthly indoor market is exactly the kind of thing that brings footfall back to local high streets — brilliant community initiative. Supporting local markets and town centres is something councils can really champion. Local elections on May 7th — see who's standing: whocanivotefor.co.uk 🗳️",""
"2026-05-01T09:57:11.525596+00:00","polly_ticks","comment","North Wales Live","https://www.facebook.com/northwaleslive","https://www.facebook.com/northwaleslive/posts/pfbid02i3StTQuPYrKi8y8k8Lsd4QfDYjx","A road falling apart within a day of being resurfaced is completely unacceptable — someone needs to be held accountable. Roads in Wales are a devolved matter and the Senedd election on May 7th is your chance to have a say. Check who's standing: whocanivotefor.co.uk 🗳️",""
"2026-05-01T09:57:11.525598+00:00","polly_ticks","comment","Leicestershire Live","https://www.facebook.com/leicestershirelive","https://www.facebook.com/leicestershirelive/posts/pfbid0hHSGexeNr7fGvMSi8mTw1tHF","These are exactly the kinds of decisions that should be scrutinised — who benefits from city centre deals and whether they stack up for residents is a key question for local government. Leicester local elections are on May 7th, worth checking who's standing: whocanivotefor.co.uk 🗳️",""
"2026-05-05T15:10:00.000000+00:00","polly_ticks","comment","KentLive","https://www.facebook.com/kentlivenews","https://www.facebook.com/photo/?fbid=1443070624520958&set=pb.100064541026202.-2207520000","300 homes with doctors and schools already full — and flooding concerns on top of that? This is exactly the kind of planning decision that affects everyone in the village. Local council elections are TOMORROW, May 7th, and the people you vote for have a direct say in what gets approved. Worth checking who's standing in your area: whocanivotefor.co.uk",""
"2026-05-05T15:46:27.003153+00:00","WalesOnline","https://www.facebook.com/","https://www.facebook.com/WalesOnline/posts/pfbid0EUwazMwqdfBphYr4ZN6HJ9ZZrULV6m2NPhEFSLbqap43AdyzRupx8uF3X21f7Bgql","Small communities like this depend on having good representation — people who understand what life is actually like when you're miles from the nearest town. The Senedd election is TOMORROW, May 7th. Worth checking who's standing for your area: whocanivotefor.co.uk 🗳️",""
"2026-05-05T15:47:18.725076+00:00","Liverpool Echo News","https://www.facebook.com/","https://www.facebook.com/theliverpoolecho/posts/pfbid0hva3RH6MXqUmGC5w63yRZby7o92Uwu8zKpdnbqhiqhC9X6FjkDYRsTEkACc6NUC1l","Planning enforcement decisions — who gets to build what and who gets forced to demolish — are made by local councils. Cases like Suzie's raise real questions about how planning rules are applied. Liverpool local elections are tomorrow, May 7th — worth asking candidates where they stand on planning and housing: whocanivotefor.co.uk 🗳️",""
"2026-05-05T15:51:12.061774+00:00","Manchester Evening News","https://www.facebook.com/","https://www.facebook.com/ManchesterEveningNews/posts/pfbid037TofpqmuV9kYxR9GnSHbRAPGe1fD5myuMeKw65Hn1SFRB46yMk8QhFSbYxL66qm2l","Redevelopment decisions that displace established communities are made by local councils — planning approvals, compulsory purchases, regeneration priorities. If you feel Manchester's soul is being sold off, tomorrow is your chance to say something about it. Local elections on May 7th — check who's standing: whocanivotefor.co.uk 🗳️",""
"2026-05-05T15:52:20.011007+00:00","Leicester City Council","https://www.facebook.com/","home_feed","Decisions like this — who runs city car parks, what they charge, how accessible they are — are made by your local council and Mayor. Leicester local elections are TOMORROW, May 7th. It's your chance to have a say in who makes these calls for the next four years: whocanivotefor.co.uk 🗳️",""
"2026-05-05T15:55:24.293065+00:00","Falkirk Herald","https://www.facebook.com/","https://www.facebook.com/falkirkherald/posts/pfbid02BZLZTdanHVELx2EYpKqxd6PWYp8fi3Nxsxk15svxFNaK4eKcURPmRX8TuMpvK92Bl","Drinks licensing decisions are made locally — and they affect everything from community events to local venues. The Scottish Parliament election is TOMORROW, May 7th. The people you elect have a real say in the laws and policies that shape events like this across Scotland: whocanivotefor.co.uk 🗳️",""
"2026-05-05T16:00:27.663134+00:00","WalesOnline","https://www.facebook.com/","https://www.facebook.com/WalesOnline/posts/pfbid06ouoVj3LNL7PHk4XY1UyVBAcvL98T7s8NMYBKUsE74CSjLbirnJmkeUk322E3HBhl","Not being able to call a taxi home because of no signal isn't just inconvenient — it's a safety issue. Rural connectivity in Wales is something the Senedd has real influence over, through funding and pushing telecoms investment in underserved areas. The Senedd election is TOMORROW, May 7th — check who's standing for your area: whocanivotefor.co.uk 🗳️",""
"2026-05-05T16:03:27.650917+00:00","Bristol.Live","https://www.facebook.com/","https://www.facebook.com/bristol.live/posts/pfbid02Py9BXR3MAgYHaPBcfqkj21gfqB2sWstmt4cjRBMxoiQhnH6tfaWSvd7aNDVFScY4l","A major airport expansion planning application affects everything from noise and air quality to jobs and traffic for communities across North Somerset and Bristol. Planning decisions like this are ultimately made by elected representatives. Bristol local elections are TOMORROW, May 7th — worth knowing where candidates stand: whocanivotefor.co.uk 🗳️",""
"2026-05-05T16:07:00.220330+00:00","Falkirk Herald","https://www.facebook.com/","https://www.facebook.com/falkirkherald/posts/pfbid0344u7CCM9oBHMRpfPtkBbMZbeLSkCirx4adNwcbeqn6CsnkVU9qTtwGXgsoGaC3nNl","Brilliant that the Herald is profiling the candidates — this is exactly what voters need ahead of TOMORROW's Scottish Parliament election. If you're in Falkirk East & Linlithgow, you can also look up your specific ballot at whocanivotefor.co.uk 🗳️ Make sure you vote!",""
"2026-05-05T16:11:25.863464+00:00","Glasgow Live","https://www.facebook.com/","https://www.facebook.com/glasgowlive/posts/pfbid025zd3GkLkx6mDSnYos3FYY8TCNZNkWk21k3BZN8D7b8UjanBK4DbPB6f2MUKhmXNPl","Energy efficiency schemes and how they're administered — including when people get penalised years later for technical irregularities — is exactly the kind of thing Holyrood has oversight of. The Scottish Parliament election is TOMORROW, May 7th. Check who's standing in your area: whocanivotefor.co.uk 🗳️",""
"2026-05-05T16:14:02.069725+00:00","WalesOnline","https://www.facebook.com/","https://www.facebook.com/WalesOnline/posts/pfbid02YBWvkgqNZ67jC8PAwMsvPh6Xc1SQ4xwx74Ni95gUdkeLNX27dqgQEbG1AoNPvY1Fl","Planning decisions like this — what gets approved or refused at tourist sites — shape local communities and the Welsh tourism economy. Planning policy in Wales is a Senedd responsibility. The Senedd election is TOMORROW, May 7th — worth checking who's standing for your area: whocanivotefor.co.uk 🗳️",""
"2026-05-05T16:17:24.701665+00:00","Nottinghamshire Live","https://www.facebook.com/","https://www.facebook.com/nottinghamshirelive/posts/pfbid02LKVXeeN7zHbd6ytbhrzqSiUrxxEY4o6RtBKjVX2UCu7TmLAC6YJUFZkfpBv2faUol","Tram disruptions hit commuters and city centre businesses hard. Local councils and transport authorities have a say in how public transport is funded, maintained and prioritised. Nottinghamshire local elections are TOMORROW, May 7th — worth checking who's standing: whocanivotefor.co.uk 🗳️",""
"2026-05-05T16:21:11.350071+00:00","WalesOnline","https://www.facebook.com/","https://www.facebook.com/WalesOnline/posts/pfbid02sLcuyPsKwoNetiyLiRLL9QL1r1AGHrbxxozYy2ZssiPcVrwD29C6YHc2yAqdmsFAl","When experienced teachers say classrooms feel like ""survival"", that's a serious failure of the system. Education in Wales is fully devolved — the Senedd controls school funding, policy and teacher support. The Senedd election is TOMORROW, May 7th. Check who's standing for your area: whocanivotefor.co.uk 🗳️",""
"2026-05-05T16:23:09.216588+00:00","Glasgow Live","https://www.facebook.com/","https://www.facebook.com/glasgowlive/posts/pfbid02gCrsT27xVrXDGuxXK7c1Z98JEZF9WEM6VLZKvrJEwynTXXVgMUdfsA7KpdBtWQ2zl","Bin collection — including whether your bins come back where they started — is literally a council service. If you've ever lost a bin or had a missed collection, that's your council's responsibility. The Scottish Parliament election is TOMORROW, May 7th — check who's standing in your area: whocanivotefor.co.uk 🗳️",""
"2026-05-05T16:24:39.102555+00:00","BBC Leicester","https://www.facebook.com/","https://www.facebook.com/LeicesterBBC/posts/pfbid06DcqrrR122G7wKsCH7bbyznV7tH9dELHtyQaRDrYM3XfYMy9p2Tp6jM2gqyy3iqsl","Planning committee decisions like this one directly shape what gets built in your community. Blaby District Council elections are TOMORROW, May 7th — if you care about what does and doesn't get approved in your area, now's the time to have a say. Check who's standing: whocanivotefor.co.uk 🗳️",""
"2026-05-05T16:28:36.100229+00:00","Devon Live","https://www.facebook.com/","https://www.facebook.com/thisisexeter/posts/pfbid02M1a9hniJrsCjKx8GnFd7zi4Vs3HiAzu63G2yfFkGrLJMHDgU8dfYebVJMyS4vrg2l","Empty buildings and missed opportunities in city centres are exactly what local councils should be tackling — bringing properties back into use, supporting local businesses, making places worth visiting. Exeter local elections are TOMORROW, May 7th — check who's standing and what they're promising for the city: whocanivotefor.co.uk 🗳️",""
"2026-05-05T16:30:08.222965+00:00","Glasgow Live","https://www.facebook.com/","https://www.facebook.com/glasgowlive/posts/pfbid06hMj6L7kprytKqFck75BxzV2bAsL9PV82EKWXzcAdVDv19FRdPHQxSbaqasqPihal","Planning permission for signage might seem small but it's part of how councils manage the look and feel of local streets. When businesses ignore refusals it's up to councils to enforce — and that requires resources and political will. The Scottish Parliament election is TOMORROW, May 7th: whocanivotefor.co.uk 🗳️",""
"2026-05-05T16:30:54.204032+00:00","The Star, Sheffield","https://www.facebook.com/","home_feed","Tram disruptions like this ripple out to hundreds of commuters and cost the city money. Local transport networks are shaped by councils and metro mayors — who funds them, how they're maintained, and how quickly incidents get resolved. Sheffield local elections are TOMORROW, May 7th: whocanivotefor.co.uk 🗳️",""
"2026-05-05T16:32:03.745093+00:00","BBC Leicester","https://www.facebook.com/","https://www.facebook.com/LeicesterBBC/posts/pfbid021NjJgqchVzcsAgFvRBgMAKevBeaLyVE1femnnEfJLb17w66oDkP3gaMr3FW4x5PKl","Converting former education buildings into student flats raises real questions — about what communities lose when public amenities disappear, and who benefits from the change. Planning recommendations like this go before councillors for a final vote. Leicester local elections are TOMORROW, May 7th: whocanivotefor.co.uk 🗳️",""
"2026-05-05T16:33:15.296468+00:00","Falkirk Herald","https://www.facebook.com/","https://www.facebook.com/falkirkherald/posts/pfbid02cbPuEJYDtGvqoEUFxuGoDkCcC5erqt6U5WUmDEFeWYcKQYyFeRS1827gVMDHAYhAl","If your local sports centre is closed tomorrow it's because it's being used as a polling station — which means YOUR vote is what's making that happen. The Scottish Parliament election is TOMORROW, May 7th. Find your polling station and who's on your ballot at whocanivotefor.co.uk 🗳️",""
"2026-05-05T16:35:41.019567+00:00","Bristol.Live","https://www.facebook.com/","https://www.facebook.com/bristol.live/posts/pfbid0YN13Y8YoGZWYGznjh9zvNCkmJGnn6hWpkjfGsNaCSh9BbqGcEJRfjJom4XJBui1il","Whether to introduce charges in public parks — and whether that's the right way to keep them safe — is exactly the kind of decision your local councillors make. Bristol local elections are TOMORROW, May 7th. If you have views on how the city's parks should be run, make them count: whocanivotefor.co.uk 🗳️",""
"2026-05-05T16:38:57.809994+00:00","Devon Live","https://www.facebook.com/","https://www.facebook.com/thisisexeter/posts/pfbid0h5XzYHDYh5wq2bhwqAf5ZVUvrqvRz6fqWzC2fQ1f54HatXef19zSuk3Lxexd6jZPl","Road closures and parking suspensions cause real disruption — local councils manage most of this through their highways teams. Devon local elections are TOMORROW, May 7th — the people you elect decide how roads, pavements and parking are managed in your area: whocanivotefor.co.uk 🗳️",""
"2026-05-05T16:40:58.772865+00:00","Leicestershire Live","https://www.facebook.com/","https://www.facebook.com/leicestershirelive/posts/pfbid02u231SB6J48RSLnT2o5ugnWDjjRSbJY3oEy7w9Lvzdivq7b2WioXbcX6dsEHUfU2Dl","SEND provision is one of the most important things local councils are responsible for — and one of the most underfunded. 75 new places sounds positive but the demand is huge. Leicester local elections are TOMORROW, May 7th. Check who's standing and what they're promising for SEND families: whocanivotefor.co.uk 🗳️",""
"2026-05-05T16:41:40.087401+00:00","Falkirk Herald","https://www.facebook.com/","https://www.facebook.com/falkirkherald/posts/pfbid02w4kGYUVKC65PNhFnqzeydsQY1X5KdVPwxyZ7yf6KCowAAR5nbMY8aQkwkND9pjzpl","Great to see the Herald profiling candidates in Falkirk West! If you're voting there tomorrow, you can also check your full ballot and candidates at whocanivotefor.co.uk 🗳️ Scottish Parliament election is TOMORROW — make sure you're ready to vote!",""
"2026-05-05T16:44:04.855437+00:00","Glasgow Live","https://www.facebook.com/","https://www.facebook.com/glasgowlive/posts/pfbid0oSSsetiEj87AuHwUyEycKuuDiNCR9pM596AV6PCzQB6KGietngB86uVyaGjqPbhWl","RAAC in public buildings has become a major crisis — and tackling it, whether in schools, community halls or other public spaces, falls to local councils and the Scottish Government. The Scottish Parliament election is TOMORROW, May 7th. Check who's standing and what they'll do about our crumbling public buildings: whocanivotefor.co.uk 🗳️",""
"2026-05-05T16:45:35.812972+00:00","Glasgow Live","https://www.facebook.com/","https://www.facebook.com/glasgowlive/posts/pfbid0zcPbqKZ6k6sBKx6vMurdzqTGUMt7VZAmBhp9dNfM84wq5aZM7BYP2nGn4aami1Mfl","Great to see constituency profiles ahead of TOMORROW's Scottish Parliament election! If you're in this part of Glasgow, you can also check your exact ballot and all the candidates at whocanivotefor.co.uk 🗳️ Make sure you vote — it matters!",""
"2026-05-05T16:47:12.826707+00:00","Bristol.Live","https://www.facebook.com/","https://www.facebook.com/bristol.live/posts/pfbid0RtknDmHBPmuBPrSGK3AeTspodA5LZLUiuSnZe7DUQCF565JdH87dH8vv9HoUoavGl","A Georgian care home left empty and rotting for 8 years is a planning and housing failure — councils have powers to pursue Empty Dwelling Management Orders and compulsory purchase, but rarely use them. Bristol local elections are TOMORROW, May 7th — worth asking candidates what they'd do with the city's empty buildings: whocanivotefor.co.uk 🗳️",""
"2026-05-05T16:49:04.010914+00:00","Nottinghamshire Live","https://www.facebook.com/","https://www.facebook.com/nottinghamshirelive/posts/pfbid02UpaP1gzZaEPvgETQSziquutnERBF75h1TLz2cmf7gB1rH9boc9dQjnV5FFcKusGyl","Inflation eating into school budgets is a real crisis playing out in classrooms across Nottinghamshire. Council funding formulas directly affect what schools can afford to spend on quality provision. Local elections are TOMORROW, May 7th — it's worth checking who's standing and where they stand on education funding: whocanivotefor.co.uk 🗳️",""
"2026-05-05T16:50:10.187702+00:00","Leicester City Council","https://www.facebook.com/","https://www.facebook.com/leicestercitycouncil/posts/pfbid0E1RNXHkdgjLfQbPDHgRKaiRaHLiE67UMXRWwQPQC1ouejgSeR6DPA42AdSMcPx6Zl","Good to see investment in Melton Road's pavements — this is exactly the kind of everyday infrastructure work councils are responsible for. Leicester local elections are TOMORROW, May 7th. The councillors you elect decide the priorities for this rolling programme of improvements across the city: whocanivotefor.co.uk 🗳️",""
"2026-05-05T16:52:52.543214+00:00","WalesOnline","https://www.facebook.com/","https://www.facebook.com/WalesOnline/posts/pfbid024j88eMQSACQ8VcX1dom6QFHgTTKqLk6Uw9KhLY6bANJJqkotiEuDXzABVWdzM71rl","Brilliant to hear what Caerphilly residents are thinking ahead of tomorrow's vote. If you're in the area and want to check who's standing on your specific ballot, whocanivotefor.co.uk has everything you need 🗳️ Senedd election is TOMORROW — make your voice count!",""
"2026-05-05T16:55:01.060553+00:00","Derbyshire Times","https://www.facebook.com/","https://www.facebook.com/derbyshiretimes/posts/pfbid04skcnpZtmn3yqW6MdDYiwVKarccbAFUwiHBuTPxrA82v8Mq3XEtCtDjaR8gexm6il","A May Day march the day before local elections — what better reminder that collective action and democratic participation go hand in hand. Chesterfield local elections are TOMORROW, May 7th. Check who's standing and carry that energy into the polling station: whocanivotefor.co.uk 🗳️",""
"2026-05-05T16:56:29.753938+00:00","Leicestershire Live","https://www.facebook.com/","https://www.facebook.com/leicestershirelive/posts/pfbid0bCUL3MBPPp686nWNsbeAAHVnBpBdGzta4vz7JrDTq2nUp8eUqZ5f2dxNdMwChsu7l","New schools being tied to major development schemes is exactly how councils should be planning — making sure infrastructure keeps pace with housing. These decisions are made by local planners and councillors. Leicestershire local elections are TOMORROW, May 7th — check who's standing in your area: whocanivotefor.co.uk 🗳️",""
"2026-05-05T16:57:55.670444+00:00","Bristol.Live","https://www.facebook.com/","https://www.facebook.com/bristol.live/posts/pfbid02x2ShmqQNf8yi9JYGx4pT4qsKq5YAEYccD9NC1D9FUcefiY5wfrzjfCyDHDbPSmufl","Recycling rules — what goes in which bin, collection frequency, local sorting — are all managed by your local council. How well your area handles waste and recycling depends on who's running it and how much they prioritise it. Bristol local elections are TOMORROW, May 7th: whocanivotefor.co.uk 🗳️",""
"2026-05-05T17:01:53.776967+00:00","WalesOnline","https://www.facebook.com/","https://www.facebook.com/WalesOnline/posts/pfbid02GyD1e6h4RB3jJC2Cp5wr7F6NtkYdM3D4tcBZwvuJRFkkPGrTwyvjrBcTzm8J4ZQcl","When polls project a result this close, every single vote genuinely matters. If you're in Wales and haven't decided whether to vote tomorrow — this is your sign. The Senedd election is TOMORROW, May 7th. Check who's standing in your area: whocanivotefor.co.uk 🗳️",""
"2026-05-05T17:03:53.901761+00:00","Northampton Chronicle","https://www.facebook.com/","home_feed","A new relief road connecting the A5 and A43 is a significant piece of local infrastructure — years of planning, funding bids, and council decisions went into making this happen. West Northamptonshire local elections are TOMORROW, May 7th — the people who make these calls are elected by you: whocanivotefor.co.uk 🗳️",""
"2026-05-05T17:09:56.808688+00:00","BBC Leicester","https://www.facebook.com/","https://www.facebook.com/LeicesterBBC/posts/pfbid014AXeNa5GWgFBKRn9AzyJyv5GyxGy89XTe9MWLXZga6aKoUwDhYNsq942vFziMbhl","869 tonnes of food waste collected in a month — that's councils doing exactly what they should be doing for the environment. Whether your area has food waste collections, how often they run, and how well the scheme is resourced comes down to local council decisions. Leicester elections are TOMORROW, May 7th: whocanivotefor.co.uk 🗳️",""
"2026-05-05T17:11:15.037220+00:00","Derbyshire Times","https://www.facebook.com/","https://www.facebook.com/derbyshiretimes/posts/pfbid0JptZ7v7uPBZtecECcJMSJE8VWvcYwXPor6MXRrwN2rq7xMJEGaanc1XEpJmbHxpKl","Whether councils enforce planning rules — or back down when developers push back — is exactly the kind of thing that shapes our streets and communities. Chesterfield local elections are TOMORROW, May 7th. If you care about how planning decisions are made and enforced in your area, make your vote count: whocanivotefor.co.uk 🗳️",""
"2026-05-05T17:16:51.931873+00:00","WalesOnline","https://www.facebook.com/","https://www.facebook.com/WalesOnline/posts/pfbid0cmzNqBeXNHdx8jgb8cBhp76MK6pbpdZ5NLUJtGKKbE9ENTrLxuTM1vb2p4j3bH7rl","Love seeing independent candidates put themselves forward — democracy works best when there's a real choice on the ballot. The Senedd election is TOMORROW, May 7th. Check all the candidates standing in your area at whocanivotefor.co.uk 🗳️",""
"2026-05-05T17:18:22.342951+00:00","Glasgow Live","https://www.facebook.com/","https://www.facebook.com/glasgowlive/posts/pfbid02UxL7C5aZVS7ENsuxH4YePyxSY3Bh9AE8gG4PHzz7pbtXAzX4E6gWay1wd9n1NGGgl","Council tax — who pays what, and who gets discounts or exemptions — is set and administered by local councils. How councils use that money, and how fairly they distribute the burden, is a political decision. The Scottish Parliament election is TOMORROW, May 7th — check who's standing in Glasgow: whocanivotefor.co.uk 🗳️",""
"2026-05-05T17:20:25.421575+00:00","Derbyshire Times","https://www.facebook.com/","https://www.facebook.com/derbyshiretimes/posts/pfbid028a8YLCaDtaGG6L3qrULpCXe1RQrHiaEHdtpCB13dGGz9UpSTkR6J8gxcE6uCYA22l","A planning decision that waves through a zero-affordable-homes development on the basis that a discount ""wouldn't make them affordable"" is a complete failure of the system. Planning committees set the standards — and councils are supposed to fight for affordable housing. Derbyshire local elections are TOMORROW, May 7th: whocanivotefor.co.uk 🗳️",""
"2026-05-05T17:21:08.460708+00:00","Bristol.Live","https://www.facebook.com/","https://www.facebook.com/bristol.live/posts/pfbid04C7HQ1xbw8oPzNgAdtFt3Cc8wXQsWxz2r93LFDJ8nA9yKK5q6LXgFEQuBUyrtWELl","Traffic gridlock affecting people for a whole day is a failure of transport planning and management — and councils are responsible for road networks, traffic signals and contingency plans. Bristol local elections are TOMORROW, May 7th — the people you elect shape how the city moves: whocanivotefor.co.uk 🗳️",""
"2026-05-05T17:27:14.867703+00:00","Glasgow Times","https://www.facebook.com/","https://www.facebook.com/glasgowtimes/posts/pfbid02TNV5gsVCa9RzMMC1LCk6jkKG6oqR48Z5zPbUzwcE8ppB4ao6XxELL2MbgaMRnVDRl","Who becomes First Minister depends entirely on how Scotland votes TOMORROW, May 7th. The Scottish Parliament election is one of the most consequential votes in a generation — check who's standing in your constituency and make your voice heard: whocanivotefor.co.uk 🗳️",""
"2026-05-05T17:29:07.314976+00:00","Exeter Live","https://www.facebook.com/","https://www.facebook.com/DevonLiveExeter/posts/pfbid01C2bCxur7SkTdvBZFSgeZhwpwKxJnpaZo89poDb7MYCx6zKKMtZqdruWDVhUM1nkl","Community safety — street lighting, antisocial behaviour, crime prevention funding — is shaped by local councils working with police and other partners. If Exeter's safety record concerns you, that's a reason to vote tomorrow. Local elections on May 7th — check who's standing: whocanivotefor.co.uk 🗳️",""
"2026-05-05T17:55:36.105973+00:00","Leicestershire Live","https://www.facebook.com/","https://www.facebook.com/leicestershirelive/posts/pfbid0ap5r136gvA8xBzcQcEQsS5GzVha6Kv5wzPa2gJpDrcSUBJBiLJBJhxxtVmd3Yp3Sl","Councillors being held to account for breaching the code of conduct is how local democracy is supposed to work — but it only means something if residents pay attention and choose carefully who they elect. Leicester local elections are TOMORROW, May 7th — check who's standing in your ward: whocanivotefor.co.uk 🗳️",""
"2026-05-05T17:57:35.287722+00:00","WalesOnline","https://www.facebook.com/","https://www.facebook.com/WalesOnline/posts/pfbid03ujBQrPWWzLexZ5cr86sxVvc9DtQwPifAVL9n2pX19Lh7GEGARC7gX4a5rCXa4GCl","When someone spends four years qualifying to teach and then has to leave because conditions are unbearable, that's a systemic failure. Education in Wales is entirely the Senedd's responsibility. The Senedd election is TOMORROW, May 7th — check who's standing and what they're promising for teachers: whocanivotefor.co.uk 🗳️",""
"2026-05-05T18:06:36.162081+00:00","Falkirk Herald","https://www.facebook.com/","https://www.facebook.com/falkirkherald/posts/pfbid0UYXKD7wrY1WSBNZdmU2MEJVDU7HKTNhfVCVPdsavyoT7wNeX7uTrifU3KtGQqWkxl","A council issuing a fine it shouldn't have and then failing to sort it out is exactly the kind of administrative failure that erodes public trust. How councils handle complaints and hold themselves accountable matters. The Scottish Parliament election is TOMORROW, May 7th — check who's standing in your area: whocanivotefor.co.uk 🗳️",""
"2026-05-05T18:07:26.752274+00:00","Derbyshire Times","https://www.facebook.com/","https://www.facebook.com/derbyshiretimes/posts/pfbid0DqGKMgChBgZURdAaUE9mhE8yPyjabJFFBui3hR5HXxkhkuSRYKcCgxjAci2Nqopnl","Bringing new hotel development and tourism investment into a Peak District town is the kind of economic decision that local councils champion and approve through planning. Derbyshire local elections are TOMORROW, May 7th — the people you elect shape what gets built and what kind of economy your area has: whocanivotefor.co.uk 🗳️",""
"2026-05-05T18:08:37.015627+00:00","Nottinghamshire Live","https://www.facebook.com/","https://www.facebook.com/nottinghamshirelive/posts/pfbid023Pus14omoT9KzDqw3FR7VnT8VHwPJnShgEuJqkoNDjo5effD429A9FEBW3U6a7Z1l","Disability support organisations being forced to consider charging for services they've offered free is a direct consequence of council funding cuts to the voluntary sector. Nottinghamshire local elections are TOMORROW, May 7th — worth asking candidates what they'll do to protect funding for disability and social care services: whocanivotefor.co.uk 🗳️",""
"2026-05-05T18:10:58.795824+00:00","Leicestershire Live","https://www.facebook.com/","https://www.facebook.com/leicestershirelive/posts/pfbid02Wjrv6D4uaujvzfoJ4KpXsRC5b8SpyRtmQihAT81dXYHjBq3soSZQZFPBNb4cvJ5Al","Large-scale shared housing developments — 98 bedrooms across 16 flats — raise real questions about neighbourhood character, parking, and who the housing actually serves. Planning committees decide whether these go ahead. Leicester local elections are TOMORROW, May 7th — check who's standing and where they stand on housing: whocanivotefor.co.uk 🗳️",""
"2026-05-05T18:13:19.253781+00:00","Coventry Live","https://www.facebook.com/","https://www.facebook.com/livecoventry/posts/pfbid02XJBqQCUCNySsfJk6YF1igfWvoHD2HAciBAHa6MZGVWkU2Q584PJYXo5MQtbmZb78l","Whatever the projections say, the only poll that matters is the one TOMORROW. Local elections on May 7th — if you have views on who should run Coventry City Council, get out and vote. Check who's standing in your ward at whocanivotefor.co.uk 🗳️",""
"2026-05-05T18:14:12.679645+00:00","Grimsby Live","https://www.facebook.com/","https://www.facebook.com/grimsbylive/posts/pfbid0rBg7nP7eHe1R86YTtNjEQqjDGh63PUeSwTnd5BwV9bPu7usSrYw9JPCG661yyCQLl","Foster carers do extraordinary work — and the support they receive, the number of children placed, and the quality of children's services all come down to local council decisions. North East Lincolnshire local elections are TOMORROW, May 7th — check who's standing: whocanivotefor.co.uk 🗳️",""
"2026-05-05T18:16:17.927739+00:00","WalesOnline","https://www.facebook.com/","https://www.facebook.com/WalesOnline/posts/pfbid026E4Anup8ynJz3fEmAGagVnd3zLXx3E4NjksFJyw4K9bdzmTY8GLvRiLSigYQXVZKl","Wales bucking the pub closure trend is great news for local communities — pubs are often the heart of a village or neighbourhood. Licensing decisions, business rates relief and support for hospitality are all shaped by local and devolved government. Senedd election TOMORROW, May 7th: whocanivotefor.co.uk 🗳️",""
"2026-05-05T18:22:28.014694+00:00","Grimsby Live","https://www.facebook.com/","https://www.facebook.com/grimsbylive/posts/pfbid0Ci4opgdEwzU47ckdBhfNMNf1qKxCH3MYG8gQoovPL1qxvA34s22WTmVWmhnGhdSpl","Good to see local election candidates making their case to voters directly. North East Lincolnshire local elections are TOMORROW, May 7th — worth reading what all the candidates are saying before you vote. Check the full list of who's standing in your ward at whocanivotefor.co.uk 🗳️",""
"2026-05-05T18:24:47.645489+00:00","WalesOnline","https://www.facebook.com/","https://www.facebook.com/WalesOnline/posts/pfbid02mgSi5cXg2xh5eE7ZvxnrWF3Mbm6BXppnZVYMf99Kzv5qKsbgJBtNzE14LTsdw12nl","Great to see candidates from different backgrounds putting themselves forward for the Senedd — that diversity of voices matters for Welsh democracy. The Senedd election is TOMORROW, May 7th. Check who's standing in your area at whocanivotefor.co.uk 🗳️ Make sure you vote!",""
"2026-05-05T18:30:27.726973+00:00","Falkirk Herald","https://www.facebook.com/","https://www.facebook.com/falkirkherald/posts/pfbid01HvdsufgF8kENvA6oggKiaXeQ6Xmd1UwksWXZGrm4xw8uox6bNaw7Ny84QVB17Btl","Homecare services are a lifeline for elderly and vulnerable people — when councils cut or restructure them, the impact is devastating for families. Social care is one of the biggest responsibilities local and devolved government has. The Scottish Parliament election is TOMORROW, May 7th: whocanivotefor.co.uk 🗳️",""
"2026-05-05T18:32:22.659619+00:00","ScouseScene","https://www.facebook.com/","https://www.facebook.com/permalink.php","A new direct rail link is brilliant for both cities — better connectivity reduces car journeys and opens up opportunities for residents on both sides. Transport investment like this involves decisions by local transport authorities and devolved government. Liverpool local elections and the Senedd election are BOTH TOMORROW, May 7th: whocanivotefor.co.uk 🗳️",""
"2026-05-05T18:35:52.563687+00:00","Nottinghamshire Live","https://www.facebook.com/","https://www.facebook.com/nottinghamshirelive/posts/pfbid0VkRCCpychDQfmtP5th8r2WqXtK9CqtuqW65zipoeHfoa8usqrD7HgxusXwUomfVEl","Replacing tram track is vital maintenance — public transport infrastructure needs ongoing investment to keep running reliably. Councils and local transport authorities are responsible for prioritising this funding. Nottinghamshire local elections are TOMORROW, May 7th — check who's standing: whocanivotefor.co.uk 🗳️",""
"2026-05-05T18:37:25.645829+00:00","Derbyshire Times","https://www.facebook.com/","https://www.facebook.com/derbyshiretimes/posts/pfbid02kjBawpzcSVSc6pW7YDm6B7oGABpJBmAi13U5AUojpCHCCbkTcEK9K2XXiuvBwhp1l","547 new homes, community facilities, and home improvements — these planning decisions shape what Derbyshire looks like and who can live here. Every approval or refusal goes through councillors on planning committees. Derbyshire local elections are TOMORROW, May 7th — vote for people who'll make the right calls: whocanivotefor.co.uk 🗳️",""
"2026-05-05T19:24:06.279793+00:00","Stoke-on-Trent Live","https://www.facebook.com/","https://www.facebook.com/stokeontrentlive/posts/pfbid0rWTbdEvsyBKWs5nksFDZPjkmU5D5j7grj47gHK18dvhmbsTEPE3Ad6i9DhXcHKEKl","Councils having the powers — and the will — to enforce local rules is exactly what good local government looks like. How much resource goes into enforcement, and what gets prioritised, is a political decision. Stoke-on-Trent local elections are on Thursday, May 7th — check who's standing: whocanivotefor.co.uk 🗳️",""
"2026-05-05T19:25:33.608055+00:00","Stockport Nub News","https://www.facebook.com/","https://www.facebook.com/stockportnubnews/posts/pfbid025ahrSN47dsXuCj5WHf13eksG3UfjZxTsvoWYhAyJJCbbVNDkmRGEzhxcw5ZgWkosl","Great news that the Golden Hind is continuing as a pub — local pubs are community assets that councils can help protect through Asset of Community Value listings and licensing decisions. Stockport local elections are on Thursday, May 7th — check who's standing in your ward: whocanivotefor.co.uk 🗳️",""
"2026-05-05T19:29:45.472175+00:00","Derbyshire Live","https://www.facebook.com/","https://www.facebook.com/derbyshirelive/posts/pfbid0yPd3mzV9A7pbQNwUGs8dHuen9mshdeAz92PNkxG8ZshKDdfKuj9EW6iSaiZC6pTtl","A family pub running for 70+ years is the kind of community institution that makes an area what it is. Whether it survives often depends on planning decisions, licensing support and business rates — all shaped by local councils. Derbyshire local elections are on Thursday, May 7th: whocanivotefor.co.uk 🗳️",""
"2026-05-06T06:15:52.130008+00:00","Nantwich Nub News","https://www.facebook.com/","https://www.facebook.com/permalink.php","Bin collectors doing a vital public service shouldn't be getting injured or assaulted at work — councils are responsible for the safety of their workers and the conditions they operate in. Local elections are on Thursday, May 7th — check who's standing in your area: whocanivotefor.co.uk 🗳️",""
"2026-05-06T06:16:44.824630+00:00","WalesOnline","https://www.facebook.com/","https://www.facebook.com/WalesOnline/posts/pfbid02nEsxmogjmD25gBpg94y5gEkMZcJomVvy6EjFiFtiHW28AUuyirWFwxDVSoccbJ3bl","96 seats, one election, Thursday May 7th — the most important vote for Wales in a generation. If you haven't checked who's on your ballot yet, now's the time: whocanivotefor.co.uk 🗳️ Don't forget your photo ID at the polling station!",""
"2026-05-06T06:18:24.736959+00:00","BBC Bristol","https://www.facebook.com/","https://www.facebook.com/BristolBBC/posts/pfbid0eQnUYLQ12yZ87LvVHEm4Q6uBJfPYEecR6BTQPai1tWhG2hBgUH9V4AnvLuh4tSocl","A region without specialist inpatient mental health beds is a serious failure — and local councils have a statutory role in mental health commissioning alongside the NHS. Who gets elected on Thursday shapes how much political pressure goes on NHS trusts to prioritise this. Bristol local elections, May 7th: whocanivotefor.co.uk 🗳️",""
"2026-05-06T06:22:17.919484+00:00","Bristol.Live","https://www.facebook.com/","https://www.facebook.com/bristol.live/posts/pfbid0M8TKAFSUTYPpJJMUcEZR43SSS85f1x6fy15MiubVnocKg8PPpdD1C3Leu7GYxsKal","Councils making promises about maintenance and then not following through is a familiar frustration — and it's exactly why who you elect matters. Bristol local elections are on Thursday, May 7th — vote for people who'll hold the council to account on the basics: whocanivotefor.co.uk 🗳️",""
"2026-05-06T06:27:34.636684+00:00","Liverpool Echo News","https://www.facebook.com/","https://www.facebook.com/theliverpoolecho/posts/pfbid0Ki7K6CjJdLXTXFYDRh1dhTNrzem993uDh5p7nWoCNZYBepgAyLTsUzitGPWnQDe1l","Mass tree felling along railway lines without adequate consultation with residents is exactly the kind of thing local councils should be pushing back on — they have a role in tree protection orders and green infrastructure. Liverpool local elections are on Thursday, May 7th: whocanivotefor.co.uk 🗳️",""
"2026-05-06T06:37:33.835156+00:00","MyLondon","https://www.facebook.com/","https://www.facebook.com/mylondonnews/posts/pfbid0GtWhec8uvxJH7uGDgNLaWfAp2Ayy2HhTct7dsY39snLVoGjkKmpwvzVYteVFGyovl","That frustration is completely understandable — but the answer isn't to stop voting, it's to vote more carefully and hold people accountable when they don't deliver. London local elections are on Thursday, May 7th. Check who's standing in your area and what they're actually promising: whocanivotefor.co.uk 🗳️",""
"2026-05-06T06:39:42.990583+00:00","Glasgow Live","https://www.facebook.com/","https://www.facebook.com/glasgowlive/posts/pfbid02Q9WxKuP3Cg9dNAQUh9X4sqygduDB6nNak8cz8Zd1QVnSfPsF7LB4CwMkzBEQ34Wvl","Rats appearing after fly-tipping is a direct consequence of inadequate street cleaning and waste enforcement — both core council responsibilities. How quickly councils respond to dumped rubbish and vermin reports depends on the resources and priorities of whoever is elected. Scottish Parliament election Thursday, May 7th: whocanivotefor.co.uk 🗳️",""
"2026-05-06T06:43:28.175804+00:00","Cambridgeshire Live","https://www.facebook.com/","https://www.facebook.com/cambridgeshirelive/posts/pfbid031DzWbQLZoJe4HRtbwN28T4bTDdgkn3hW7kC9MA5vs7z3qfVt28yPpqi26xSBcUvTl","Tackling antisocial behaviour requires councils and police working together — councils fund community safety teams, youth services, and CCTV that support this. How much resource goes into prevention vs reaction is a political choice. Cambridgeshire local elections are on Thursday, May 7th: whocanivotefor.co.uk 🗳️",""
"2026-05-06T06:45:03.778907+00:00","Falkirk Herald","https://www.facebook.com/","https://www.facebook.com/falkirkherald/posts/pfbid02pNHZuatxym5iiYSTMBdDhCtmjYorL5yybDV1tDBsUyoKKLpux6NJkQ5cYcBb1tKxl","Camera systems issuing fines when they shouldn't is a real problem — and whether councils push back on private parking operators and enforce consumer protection for residents matters. The Scottish Parliament election is on Thursday, May 7th — check who's standing in your area: whocanivotefor.co.uk 🗳️",""
"2026-05-06T06:46:09.175508+00:00","Derbyshire Times","https://www.facebook.com/","https://www.facebook.com/derbyshiretimes/posts/pfbid0v8abaQgMzTvfmzmrge8wVSitTmXs8fxAHHLAgmf1cTxTwq7jNfe3je7i9YvVrxGtl","Community litter picks are brilliant — but it shouldn't entirely fall to volunteers and businesses to keep our streets clean. Councils have a statutory duty here and need proper funding for street cleaning. High Peak local elections are on Thursday, May 7th — check who's standing: whocanivotefor.co.uk 🗳️",""
"2026-05-06T06:47:27.051025+00:00","Devon Live","https://www.facebook.com/","https://www.facebook.com/thisisexeter/posts/pfbid02w9me9oCwtsQLyjPgPNpGaQYNzsgEBvLXF7RdP48iTUkF91srn8mjQLt4nya7chTHl","Planning refusals for community and faith organisations raise real questions about how councils balance different needs in their area. Planning committees — made up of elected councillors — make these calls. Exeter local elections are on Thursday, May 7th — check who's standing: whocanivotefor.co.uk 🗳️",""
"2026-05-06T06:49:14.657024+00:00","WalesOnline","https://www.facebook.com/","https://www.facebook.com/WalesOnline/posts/pfbid028tb3TgmEd7EAHJALHvuiknVw31LnxPYEnZgCs884tiQSNsPGAh4v1Gk53Duss7bbl","Tredegar gave us Nye Bevan and the NHS — and the Welsh NHS is now entirely the Senedd's responsibility to fund and run. How well Welsh hospitals, GP surgeries and health services perform comes down to who you elect on Thursday. Senedd election May 7th — check your candidates at whocanivotefor.co.uk 🗳️",""
"2026-05-06T06:59:38.550073+00:00","Stoke on Trent  community update","https://www.facebook.com/","https://www.facebook.com/permalink.php","Potholes are one of the most visible signs of councils failing to maintain basic infrastructure — and fixing them is directly a local authority responsibility. Stoke-on-Trent local elections are on Thursday, May 7th — check who's standing and what they'll do about roads: whocanivotefor.co.uk 🗳️",""
"2026-05-06T07:01:09.209402+00:00","Falkirk Herald","https://www.facebook.com/","https://www.facebook.com/falkirkherald/posts/pfbid02UqfkGxBQhXrVs45Z8rwedwMbc7WGsE3PEjjewy1RatJ9WWR5wpuEM12VFts5zFZbl","Nice to see investment in making Falkirk town centre more welcoming — planters and public realm improvements make a real difference to how people feel about their local high street. These are council decisions. Scottish Parliament election Thursday, May 7th — check who's standing in your area: whocanivotefor.co.uk 🗳️",""
"2026-05-06T07:04:31.438038+00:00","WalesOnline","https://www.facebook.com/","https://www.facebook.com/WalesOnline/posts/pfbid0oaXdR8CfGK7V9F8bBXZAmA8hCq34yJeEWFCst6HeECL3G8YRLatrvePdihsAN4jnl","Patients being turned away due to admin errors is deeply worrying — NHS administration and patient services in Wales are entirely the Senedd's responsibility to oversee. The Senedd election is on Thursday, May 7th. Check who's standing and what they're promising for Welsh healthcare: whocanivotefor.co.uk 🗳️",""
"2026-05-06T07:06:05.503494+00:00","Cambridgeshire Live","https://www.facebook.com/","https://www.facebook.com/cambridgeshirelive/posts/pfbid0wckGcKAYURNy6HEUhBUfdBYvCokoPN4zRP5p5nVNXBxvJ4MoegHKk8B92aY9zfGJl","Major mixed-use redevelopments like this — offices, labs, retail, leisure — shape a city for decades. Planning decisions and what conditions are attached to development are made by elected councillors. Cambridgeshire local elections are on Thursday, May 7th — check who's standing: whocanivotefor.co.uk 🗳️",""
"2026-05-06T07:13:06.987977+00:00","Cambridgeshire Live","https://www.facebook.com/","https://www.facebook.com/cambridgeshirelive/posts/pfbid02dVpLQpT9LjEhG7oqHKefxbPtgzzKUQrNnJp8HuMwa2X7vz9PVRJZ9fL2sPeFDQGFl","Free, accessible parks are one of the best things councils provide — vital green space for mental health, community, and wellbeing. Whether they're maintained, improved or left to deteriorate is a council funding decision. Cambridgeshire local elections are on Thursday, May 7th: whocanivotefor.co.uk 🗳️",""
"2026-05-06T07:18:39.810049+00:00","Cambridgeshire Live","https://www.facebook.com/","https://www.facebook.com/cambridgeshirelive/posts/pfbid0AYFpqDAsU9RQ9Zh5P57BGhheuCnCwcZt4uD3c4symGXH3zDtFG6j2D6F9kqmAYGLl","Licensing applications for live music and entertainment — whether they get approved, what conditions are attached — are decided by local councils. This affects local nightlife, community venues and local culture. Cambridgeshire local elections are on Thursday, May 7th: whocanivotefor.co.uk 🗳️",""
"2026-05-06T07:35:46.320657+00:00","Glasgow Live","https://www.facebook.com/","https://www.facebook.com/glasgowlive/posts/pfbid02TrLJJYwjJb9LAXDB6133t3t2AdA9KvgKB6JG45ePbfvu4f4g5zDTZsDnTZbmkCUWl","Buildings being evacuated as dangerous and then sold at auction rather than made safe raises serious questions about accountability. Building safety standards and housing enforcement are shared responsibilities between councils and Holyrood. The Scottish Parliament election is on Thursday, May 7th: whocanivotefor.co.uk 🗳️",""
"2026-05-06T07:40:52.745513+00:00","Liverpool Echo News","https://www.facebook.com/","https://www.facebook.com/theliverpoolecho/posts/pfbid0312CPpHBohFtFv8D9KXc7KD6wtP7qq1k3Qi1L4afFPNztRMEoixwWa71jothWrzgAl","School uniform costs have been a real burden for families — new rules limiting branded items are a step forward but local councils and schools have to actually implement them fairly. Liverpool local elections are on Thursday, May 7th — check who's standing in your area: whocanivotefor.co.uk 🗳️",""
"2026-05-06T07:41:48.457849+00:00","ITV Central","https://www.facebook.com/","https://www.facebook.com/ITVCentral/posts/pfbid02cro3e7bYd7gcrSTRw1CngGx3SGmLcjo9KQ3dr2SWtcfsL9ReWGyScvmUbgZfzE9cl","Whatever the predictions, the only result that matters is the one that gets counted on Friday morning. West Midlands local elections are on Thursday, May 7th — if you want a say in how your council is run for the next four years, get out and vote. Check who's standing in your ward: whocanivotefor.co.uk 🗳️",""
"2026-05-06T07:43:29.203546+00:00","Cambridgeshire Live","https://www.facebook.com/","https://www.facebook.com/cambridgeshirelive/posts/pfbid02L91ULRYrhoYMKQFvGWm9u75uyjt7ZoBNXntjbDpsADqgM2myyPiAgRBdmCEXzpQ9l","Disputes between parish and district councils over who provides enough sports pitches are exactly why local elections matter — different councillors make different calls about what communities need and who should provide it. Cambridgeshire local elections are on Thursday, May 7th: whocanivotefor.co.uk 🗳️",""
"2026-05-06T07:45:44.720347+00:00","Manchester Evening News","https://www.facebook.com/","https://www.facebook.com/ManchesterEveningNews/posts/pfbid025YJW1uT5DQBGFdeXLh8pYV9vW74KpT4Us2zN9hECsMbi6G41teL4CtkQbbRJQbxml","When people say ""they're all liars"" it usually means they've been let down by local politics — and that's a reason to vote, not a reason to stay home. Local councils control things that directly affect your day: roads, bins, housing, social care. Manchester local elections Thursday, May 7th — check who's standing: whocanivotefor.co.uk 🗳️",""
